{
    "fasterrcnn_resnet50_fpn":  {
        "total_time":  114950.74040985107,  
        "images_per_sec":  8.701921515533027,  
        "99th_percentile":  119.01113891601562,  
        "latency_mean":  114.95521110133122,  
        "latency_median":  115.12817764282227,  
        "latency_min":  106.1013412475586
    },  
    "fasterrcnn_mobilenet_v3_large_fpn":  {
        "total_time":  22349.000957489014,  
        "images_per_sec":  45.133994067473786,  
        "99th_percentile":  24.053760528564453,  
        "latency_mean":  22.164431857058876,  
        "latency_median":  22.0590877532959,  
        "latency_min":  21.659360885620117
    },  
    "fasterrcnn_mobilenet_v3_large_320_fpn":  {
        "total_time":  14508.163627624512,  
        "images_per_sec":  69.21487169167116,  
        "99th_percentile":  18.39779281616211,  
        "latency_mean":  14.493352468390214,  
        "latency_median":  14.182015895843506,  
        "latency_min":  13.648639678955078
    },  
    "retinanet_resnet50_fpn":  {
        "total_time":  125477.18824005127,  
        "images_per_sec":  7.966399812620964,  
        "99th_percentile":  128.8212432861328,  
        "latency_mean":  125.55050557989823,  
        "latency_median":  125.5509262084961,  
        "latency_min":  114.7047348022461
    },  
    "ssd300_vgg16":  {
        "total_time":  31636.902631759644,  
        "images_per_sec":  31.79687147302943,  
        "99th_percentile":  36.12156677246094,  
        "latency_mean":  31.475381001924212,  
        "latency_median":  31.21668815612793,  
        "latency_min":  30.50809669494629
    },  
    "ssdlite320_mobilenet_v3_large":  {
        "total_time":  51155.00769042969,  
        "images_per_sec":  19.59819196393986,  
        "99th_percentile":  58.294273376464844,  
        "latency_mean":  51.10114459389134,  
        "latency_median":  50.42062568664551,  
        "latency_min":  48.51923370361328
    },  
    "maskrcnn_resnet50_fpn":  {
        "total_time":  118978.9171295166,  
        "images_per_sec":  8.400904192001715,  
        "99th_percentile":  123.0215072631836,  
        "latency_mean":  119.0608009338379,  
        "latency_median":  119.07374572753906,  
        "latency_min":  110.4527359008789
    },  
    "keypointrcnn_resnet50_fpn":  {
        "total_time":  120832.65375518799,  
        "images_per_sec":  8.276817055242475,  
        "99th_percentile":  123.61933135986328,  
        "latency_mean":  120.83084228515625,  
        "latency_median":  120.8079833984375,  
        "latency_min":  115.884033203125
    }
}